Workbook

Sheet DATA
A1: t | B1: advert | C1: sales | E1: Muhammad Alvaro Satria Priyambada
A2: 1 | B2: 25 | C2: 92.8 | E2: M0401241100
A3: 2 | B3: 0 | C3: 79.2
A4: 3 | B4: 15 | C4: 84.5
A5: 4 | B5: 10 | C5: 83
A6: 5 | B6: 20 | C6: 88.1
A7: 6 | B7: 10 | C7: 83.9
A8: 7 | B8: 5 | C8: 79.9
A9: 8 | B9: 5 | C9: 81.1
A10: 9 | B10: 15 | C10: 86.4
A11: 10 | B11: 15 | C11: 86.3
A12: 11 | B12: 5 | C12: 81.9
A13: 12 | B13: 20 | C13: 90.6
A14: 13 | B14: 15 | C14: 91.4
... A25: 24 | B25: 5 | C25: 110.9

Sheet SMA
A1: t | B1: advert | C1: sales | E1: advert k=3 | M1: sales k
A2: 1 | B2: 25 | C2: 92.8
A3: 2 | B3: 0 | C3: 79.2 | E3: t | F3: Yt | G3: Ft | H3: galat (et) | I3: MAD | J3: MSE | K3: MAPE | M3: t | N3: Yt | O3: Ft | P3: galat (et) | Q3: MAD | R3: MSE | S3: MAPE
A4: 3 | B4: 15 | C4: 84.5 | E4: 1 | F4: 25 | G4: - | H4: - | I4: - | J4: - | K4: - | M4: 1 | N4: 92.8 | O4: - | P4: - | Q4: - | R4: - | S4: -
A5: 4 | B5: 10 | C5: 83 | E5: 2 | F5: 0 | G5: - | H5: - | I5: - | J5: - | K5: - | M5: 2 | N5: 79.2 | O5: - | P5: - | Q5: - | R5: - | S5: -
A6: 5 | B6: 20 | C6: 88.1 | E6: 3 | F6: 15 | G6: - | H6: - | I6: - | J6: - | K6: - | M6: 3 | N6: 84.5 | O6: - | P6: - | Q6: - | R6: - | S6: -
A7: 6 | B7: 10 | C7: 83.9 | E7: 4 | F7: 10 | G7: =AVERAGE(F4:F6) -> 13.333333 | H7: =G7-F7 -> 3.3333333 | I7: =ABS(H7) -> 3.3333333 | J7: =H7^2 -> 11.111111 | K7: =IF(F7=0,"",I7/F7) -> 0.33333333 | M7: 4 | N7: 83 | O7: =AVERAGE(N4:N6) -> 85.5 | P7: =N7-O7 -> -2.5 | Q7: =ABS(P7) -> 2.5 | R7: =P7^2 -> 6.25 | S7: =Q7/N7 -> 0.030120482
A8: 7 | B8: 5 | C8: 79.9 | E8: 5 | F8: 20 | G8: =AVERAGE(F5:F7) -> 8.3333333 | H8: =G8-F8 -> -11.666667 | I8: =ABS(H8) -> 11.666667 | J8: =H8^2 -> 136.11111 | K8: =IF(F8=0,"",I8/F8) -> 0.58333333 | M8: 5 | N8: 88.1 | O8: =AVERAGE(N5:N7) -> 82.233333 | P8: =N8-O8 -> 5.8666667 | Q8: =ABS(P8) -> 5.8666667 | R8: =P8^2 -> 34.417778 | S8: =Q8/N8 -> 0.066590995
A9: 8 | B9: 5 | C9: 81.1 | E9: 6 | F9: 10 | G9: =AVERAGE(F6:F8) -> 15 | H9: =G9-F9 -> 5 | I9: =ABS(H9) -> 5 | J9: =H9^2 -> 25 | K9: =IF(F9=0,"",I9/F9) -> 0.5 | M9: 6 | N9: 83.9 | O9: =AVERAGE(N6:N8) -> 85.2 | P9: =N9-O9 -> -1.3 | Q9: =ABS(P9) -> 1.3 | R9: =P9^2 -> 1.69 | S9: =Q9/N9 -> 0.015494636
A10: 9 | B10: 15 | C10: 86.4 | E10: 7 | F10: 5 | G10: =AVERAGE(F7:F9) -> 13.333333 | H10: =G10-F10 -> 8.3333333 | I10: =ABS(H10) -> 8.3333333 | J10: =H10^2 -> 69.444444 | K10: =IF(F10=0,"",I10/F10) -> 1.6666667 | M10: 7 | N10: 79.9 | O10: =AVERAGE(N7:N9) -> 85 | P10: =N10-O10 -> -5.1 | Q10: =ABS(P10) -> 5.1 | R10: =P10^2 -> 26.01 | S10: =Q10/N10 -> 0.063829787
A11: 10 | B11: 15 | C11: 86.3 | E11: 8 | F11: 5 | G11: =AVERAGE(F8:F10) -> 11.666667 | H11: =G11-F11 -> 6.6666667 | I11: =ABS(H11) -> 6.6666667 | J11: =H11^2 -> 44.444444 | K11: =IF(F11=0,"",I11/F11) -> 1.3333333 | M11: 8 | N11: 81.1 | O11: =AVERAGE(N8:N10) -> 83.966667 | P11: =N11-O11 -> -2.8666667 | Q11: =ABS(P11) -> 2.8666667 | R11: =P11^2 -> 8.2177778 | S11: =Q11/N11 -> 0.035347308
A12: 11 | B12: 5 | C12: 81.9 | E12: 9 | F12: 15 | G12: =AVERAGE(F9:F11) -> 6.6666667 | H12: =G12-F12 -> -8.3333333 | I12: =ABS(H12) -> 8.3333333 | J12: =H12^2 -> 69.444444 | K12: =IF(F12=0,"",I12/F12) -> 0.55555556 | M12: 9 | N12: 86.4 | O12: =AVERAGE(N9:N11) -> 81.633333 | P12: =N12-O12 -> 4.7666667 | Q12: =ABS(P12) -> 4.7666667 | R12: =P12^2 -> 22.721111 | S12: =Q12/N12 -> 0.055169753
A13: 12 | B13: 20 | C13: 90.6 | E13: 10 | F13: 15 | G13: =AVERAGE(F10:F12) -> 8.3333333 | H13: =G13-F13 -> -6.6666667 | I13: =ABS(H13) -> 6.6666667 | J13: =H13^2 -> 44.444444 | K13: =IF(F13=0,"",I13/F13) -> 0.44444444 | M13: 10 | N13: 86.3 | O13: =AVERAGE(N10:N12) -> 82.466667 | P13: =N13-O13 -> 3.8333333 | Q13: =ABS(P13) -> 3.8333333 | R13: =P13^2 -> 14.694444 | S13: =Q13/N13 -> 0.044418694
A14: 13 | B14: 15 | C14: 91.4 | E14: 11 | F14: 5 | G14: =AVERAGE(F11:F13) -> 11.666667 | H14: =G14-F14 -> 6.6666667 | I14: =ABS(H14) -> 6.6666667 | J14: =H14^2 -> 44.444444 | K14: =IF(F14=0,"",I14/F14) -> 1.3333333 | M14: 11 | N14: 81.9 | O14: =AVERAGE(N11:N13) -> 84.6 | P14: =N14-O14 -> -2.7 | Q14: =ABS(P14) -> 2.7 | R14: =P14^2 -> 7.29 | S14: =Q14/N14 -> 0.032967033
A15: 14 | B15: 5 | C15: 88.5 | E15: 12 | F15: 20 | G15: =AVERAGE(F12:F14) -> 11.666667 | H15: =G15-F15 -> -8.3333333 | I15: =ABS(H15) -> 8.3333333 | J15: =H15^2 -> 69.444444 | K15: =IF(F15=0,"",I15/F15) -> 0.41666667 | M15: 12 | N15: 90.6 | O15: =AVERAGE(N12:N14) -> 84.866667 | P15: =N15-O15 -> 5.7333333 | Q15: =ABS(P15) -> 5.7333333 | R15: =P15^2 -> 32.871111 | S15: =Q15/N15 -> 0.063281825
A16: 15 | B16: 10 | C16: 93.5 | E16: 13 | F16: 15 | G16: =AVERAGE(F13:F15) -> 13.333333 | H16: =G16-F16 -> -1.6666667 | I16: =ABS(H16) -> 1.6666667 | J16: =H16^2 -> 2.7777778 | K16: =IF(F16=0,"",I16/F16) -> 0.11111111 | M16: 13 | N16: 91.4 | O16: =AVERAGE(N13:N15) -> 86.266667 | P16: =N16-O16 -> 5.1333333 | Q16: =ABS(P16) -> 5.1333333 | R16: =P16^2 -> 26.351111 | S16: =Q16/N16 -> 0.056163384
A17: 16 | B17: 25 | C17: 105 | E17: 14 | F17: 5 | G17: =AVERAGE(F14:F16) -> 13.333333 | H17: =G17-F17 -> 8.3333333 | I17: =ABS(H17) -> 8.3333333 | J17: =H17^2 -> 69.444444 | K17: =IF(F17=0,"",I17/F17) -> 1.6666667 | M17: 14 | N17: 88.5 | O17: =AVERAGE(N14:N16) -> 87.966667 | P17: =N17-O17 -> 0.53333333 | Q17: =ABS(P17) -> 0.53333333 | R17: =P17^2 -> 0.28444444 | S17: =Q17/N17 -> 0.0060263653
A18: 17 | B18: 15 | C18: 103.5 | E18: 15 | F18: 10 | G18: =AVERAGE(F15:F17) -> 13.333333 | H18: =G18-F18 -> 3.3333333 | I18: =ABS(H18) -> 3.3333333 | J18: =H18^2 -> 11.111111 | K18: =IF(F18=0,"",I18/F18) -> 0.33333333 | M18: 15 | N18: 93.5 | O18: =AVERAGE(N15:N17) -> 90.166667 | P18: =N18-O18 -> 3.3333333 | Q18: =ABS(P18) -> 3.3333333 | R18: =P18^2 -> 11.111111 | S18: =Q18/N18 -> 0.035650624
... A25: 24 | B25: 5 | C25: 110.9 | E25: 22 | F25: 15 | G25: =AVERAGE(F22:F24) -> 20 | H25: =G25-F25 -> 5 | I25: =ABS(H25) -> 5 | J25: =H25^2 -> 25 | K25: =IF(F25=0,"",I25/F25) -> 0.33333333 | M25: 22 | N25: 112.1 | O25: =AVERAGE(N22:N24) -> 110.9 | P25: =N25-O25 -> 1.2 | Q25: =ABS(P25) -> 1.2 | R25: =P25^2 -> 1.44 | S25: =Q25/N25 -> 0.010704728
E26: 23 | F26: 0 | G26: =AVERAGE(F23:F25) -> 20 | H26: =G26-F26 -> 20 | I26: =ABS(H26) -> 20 | J26: =H26^2 -> 400 | K26: =IF(F26=0,"",I26/F26) | M26: 23 | N26: 105.5 | O26: =AVERAGE(N23:N25) -> 112.56667 | P26: =N26-O26 -> -7.0666667 | Q26: =ABS(P26) -> 7.0666667 | R26: =P26^2 -> 49.937778 | S26: =Q26/N26 -> 0.066982622
E27: 24 | F27: 5 | G27: =AVERAGE(F24:F26) -> 13.333333 | H27: =G27-F27 -> 8.3333333 | I27: =ABS(H27) -> 8.3333333 | J27: =H27^2 -> 69.444444 | K27: =IF(F27=0,"",I27/F27) -> 1.6666667 | M27: 24 | N27: 110.9 | O27: =AVERAGE(N24:N26) -> 110.76667 | P27: =N27-O27 -> 0.13333333 | Q27: =ABS(P27) -> 0.13333333 | R27: =P27^2 -> 0.017777778 | S27: =Q27/N27 -> 0.0012022843
E30: EVALUASI METRIK ADVERT | M30: EVALUASI METRIK ADVERT
E31: MAD | F31: =AVERAGE(I7:I27) -> 7.6190476 | M31: MAD | N31: =AVERAGE(Q7:Q27) -> 4.5507937
E32: MSE | F32: =AVERAGE(J7:J27) -> 79.100529 | M32: MSE | N32: =AVERAGE(R7:R27) -> 31.03455
E33: RMSE | F33: =SQRT(F32) -> 8.8938478 | M33: RMSE | N33: =SQRT(N32) -> 5.5708662
E34: MAPE | F34: =AVERAGE(K7:K27) -> 0.76027778 | M34: MAPE | N34: =AVERAGE(S7:S27) -> 0.047053904

Sheet DMA
A1: orde pemulusan (k) = | C1: 3 | O1: orde pemulusan = | Q1: 3
A2: smoothing variabel advert | O2: smoothing variabel sales (DMA k = 3)
A3: t | B3: Yt | C3: S't | D3: S''t | E3: at | F3: bt | G3: Ft | H3: et | I3: |et| | J3: et^2 | K3: |et|/Yt | O3: t | P3: Yt | Q3: S't | R3: S''t | S3: at | T3: bt | U3: Ft | V3: et | W3: |et| | X3: et^2 | Y3: |et|/Yt
A4: 1 | B4: 25 | C4: - | D4: - | E4: - | F4: - | G4: - | H4: - | I4: - | J4: - | K4: - | O4: 1 | P4: 92.8 | Q4: - | R4: - | S4: - | T4: - | U4: - | V4: - | W4: - | X4: - | Y4: -
A5: 2 | B5: 0 | C5: - | D5: - | E5: - | F5: - | G5: - | H5: - | I5: - | J5: - | K5: - | O5: 2 | P5: 79.2 | Q5: - | R5: - | S5: - | T5: - | U5: - | V5: - | W5: - | X5: - | Y5: -
A6: 3 | B6: 15 | C6: =AVERAGE(B4:B6) -> 13.333333 | D6: - | E6: - | F6: - | G6: - | H6: - | I6: - | J6: - | K6: - | O6: 3 | P6: 84.5 | Q6: =AVERAGE(P4:P6) -> 85.5 | R6: - | S6: - | T6: - | U6: - | V6: - | W6: - | X6: - | Y6: -
A7: 4 | B7: 10 | C7: =AVERAGE(B5:B7) -> 8.3333333 | D7: - | E7: - | F7: - | G7: - | H7: - | I7: - | J7: - | K7: - | O7: 4 | P7: 83 | Q7: =AVERAGE(P5:P7) -> 82.233333 | R7: - | S7: - | T7: - | U7: - | V7: - | W7: - | X7: - | Y7: -
A8: 5 | B8: 20 | C8: =AVERAGE(B6:B8) -> 15 | D8: =AVERAGE(C6:C8) -> 12.222222 | E8: =2*C8-D8 -> 17.777778 | F8: =(2/($C$1-1))*(C8-D8) -> 2.7777778 | G8: - | H8: - | I8: - | J8: - | K8: - | O8: 5 | P8: 88.1 | Q8: =AVERAGE(P6:P8) -> 85.2 | R8: =AVERAGE(Q6:Q8) -> 84.311111 | S8: =2*Q8-R8 -> 86.088889 | T8: =(2/($Q$1-1))*(Q8-R8) -> 0.88888889 | U8: - | V8: - | W8: - | X8: - | Y8: -
A9: 6 | B9: 10 | C9: =AVERAGE(B7:B9) -> 13.333333 | D9: =AVERAGE(C7:C9) -> 12.222222 | E9: =2*C9-D9 -> 14.444444 | F9: =(2/($C$1-1))*(C9-D9) -> 1.1111111 | G9: =E8+F8 -> 20.555556 | H9: =B9-G9 -> -10.555556 | I9: =ABS(H9) -> 10.555556 | J9: =H9^2 -> 111.41975 | K9: =IF(B9=0,"",I9/B9) -> 1.0555556 | O9: 6 | P9: 83.9 | Q9: =AVERAGE(P7:P9) -> 85 | R9: =AVERAGE(Q7:Q9) -> 84.144444 | S9: =2*Q9-R9 -> 85.855556 | T9: =(2/($Q$1-1))*(Q9-R9) -> 0.85555556 | U9: =S8+T8 -> 86.977778 | V9: =P9-U9 -> -3.0777778 | W9: =ABS(V9) -> 3.0777778 | X9: =V9^2 -> 9.472716 | Y9: =W9/P9 -> 0.036683883
A10: 7 | B10: 5 | C10: =AVERAGE(B8:B10) -> 11.666667 | D10: =AVERAGE(C8:C10) -> 13.333333 | E10: =2*C10-D10 -> 10 | F10: =(2/($C$1-1))*(C10-D10) -> -1.6666667 | G10: =E9+F9 -> 15.555556 | H10: =B10-G10 -> -10.555556 | I10: =ABS(H10) -> 10.555556 | J10: =H10^2 -> 111.41975 | K10: =IF(B10=0,"",I10/B10) -> 2.1111111 | O10: 7 | P10: 79.9 | Q10: =AVERAGE(P8:P10) -> 83.966667 | R10: =AVERAGE(Q8:Q10) -> 84.722222 | S10: =2*Q10-R10 -> 83.211111 | T10: =(2/($Q$1-1))*(Q10-R10) -> -0.75555556 | U10: =S9+T9 -> 86.711111 | V10: =P10-U10 -> -6.8111111 | W10: =ABS(V10) -> 6.8111111 | X10: =V10^2 -> 46.391235 | Y10: =W10/P10 -> 0.085245446
A11: 8 | B11: 5 | C11: =AVERAGE(B9:B11) -> 6.6666667 | D11: =AVERAGE(C9:C11) -> 10.555556 | E11: =2*C11-D11 -> 2.7777778 | F11: =(2/($C$1-1))*(C11-D11) -> -3.8888889 | G11: =E10+F10 -> 8.3333333 | H11: =B11-G11 -> -3.3333333 | I11: =ABS(H11) -> 3.3333333 | J11: =H11^2 -> 11.111111 | K11: =IF(B11=0,"",I11/B11) -> 0.66666667 | O11: 8 | P11: 81.1 | Q11: =AVERAGE(P9:P11) -> 81.633333 | R11: =AVERAGE(Q9:Q11) -> 83.533333 | S11: =2*Q11-R11 -> 79.733333 | T11: =(2/($Q$1-1))*(Q11-R11) -> -1.9 | U11: =S10+T10 -> 82.455556 | V11: =P11-U11 -> -1.3555556 | W11: =ABS(V11) -> 1.3555556 | X11: =V11^2 -> 1.8375309 | Y11: =W11/P11 -> 0.016714618
A12: 9 | B12: 15 | C12: =AVERAGE(B10:B12) -> 8.3333333 | D12: =AVERAGE(C10:C12) -> 8.8888889 | E12: =2*C12-D12 -> 7.7777778 | F12: =(2/($C$1-1))*(C12-D12) -> -0.55555556 | G12: =E11+F11 -> -1.1111111 | H12: =B12-G12 -> 16.111111 | I12: =ABS(H12) -> 16.111111 | J12: =H12^2 -> 259.5679 | K12: =IF(B12=0,"",I12/B12) -> 1.0740741 | O12: 9 | P12: 86.4 | Q12: =AVERAGE(P10:P12) -> 82.466667 | R12: =AVERAGE(Q10:Q12) -> 82.688889 | S12: =2*Q12-R12 -> 82.244444 | T12: =(2/($Q$1-1))*(Q12-R12) -> -0.22222222 | U12: =S11+T11 -> 77.833333 | V12: =P12-U12 -> 8.5666667 | W12: =ABS(V12) -> 8.5666667 | X12: =V12^2 -> 73.387778 | Y12: =W12/P12 -> 0.099151235
A13: 10 | B13: 15 | C13: =AVERAGE(B11:B13) -> 11.666667 | D13: =AVERAGE(C11:C13) -> 8.8888889 | E13: =2*C13-D13 -> 14.444444 | F13: =(2/($C$1-1))*(C13-D13) -> 2.7777778 | G13: =E12+F12 -> 7.2222222 | H13: =B13-G13 -> 7.7777778 | I13: =ABS(H13) -> 7.7777778 | J13: =H13^2 -> 60.493827 | K13: =IF(B13=0,"",I13/B13) -> 0.51851852 | O13: 10 | P13: 86.3 | Q13: =AVERAGE(P11:P13) -> 84.6 | R13: =AVERAGE(Q11:Q13) -> 82.9 | S13: =2*Q13-R13 -> 86.3 | T13: =(2/($Q$1-1))*(Q13-R13) -> 1.7 | U13: =S12+T12 -> 82.022222 | V13: =P13-U13 -> 4.2777778 | W13: =ABS(V13) -> 4.2777778 | X13: =V13^2 -> 18.299383 | Y13: =W13/P13 -> 0.049568688
A14: 11 | B14: 5 | C14: =AVERAGE(B12:B14) -> 11.666667 | D14: =AVERAGE(C12:C14) -> 10.555556 | E14: =2*C14-D14 -> 12.777778 | F14: =(2/($C$1-1))*(C14-D14) -> 1.1111111 | G14: =E13+F13 -> 17.222222 | H14: =B14-G14 -> -12.222222 | I14: =ABS(H14) -> 12.222222 | J14: =H14^2 -> 149.38272 | K14: =IF(B14=0,"",I14/B14) -> 2.4444444 | O14: 11 | P14: 81.9 | Q14: =AVERAGE(P12:P14) -> 84.866667 | R14: =AVERAGE(Q12:Q14) -> 83.977778 | S14: =2*Q14-R14 -> 85.755556 | T14: =(2/($Q$1-1))*(Q14-R14) -> 0.88888889 | U14: =S13+T13 -> 88 | V14: =P14-U14 -> -6.1 | W14: =ABS(V14) -> 6.1 | X14: =V14^2 -> 37.21 | Y14: =W14/P14 -> 0.074481074
A15: 12 | B15: 20 | C15: =AVERAGE(B13:B15) -> 13.333333 | D15: =AVERAGE(C13:C15) -> 12.222222 | E15: =2*C15-D15 -> 14.444444 | F15: =(2/($C$1-1))*(C15-D15) -> 1.1111111 | G15: =E14+F14 -> 13.888889 | H15: =B15-G15 -> 6.1111111 | I15: =ABS(H15) -> 6.1111111 | J15: =H15^2 -> 37.345679 | K15: =IF(B15=0,"",I15/B15) -> 0.30555556 | O15: 12 | P15: 90.6 | Q15: =AVERAGE(P13:P15) -> 86.266667 | R15: =AVERAGE(Q13:Q15) -> 85.244444 | S15: =2*Q15-R15 -> 87.288889 | T15: =(2/($Q$1-1))*(Q15-R15) -> 1.0222222 | U15: =S14+T14 -> 86.644444 | V15: =P15-U15 -> 3.9555556 | W15: =ABS(V15) -> 3.9555556 | X15: =V15^2 -> 15.64642 | Y15: =W15/P15 -> 0.043659554
A16: 13 | B16: 15 | C16: =AVERAGE(B14:B16) -> 13.333333 | D16: =AVERAGE(C14:C16) -> 12.777778 | E16: =2*C16-D16 -> 13.888889 | F16: =(2/($C$1-1))*(C16-D16) -> 0.55555556 | G16: =E15+F15 -> 15.555556 | H16: =B16-G16 -> -0.55555556 | I16: =ABS(H16) -> 0.55555556 | J16: =H16^2 -> 0.30864198 | K16: =IF(B16=0,"",I16/B16) -> 0.037037037 | O16: 13 | P16: 91.4 | Q16: =AVERAGE(P14:P16) -> 87.966667 | R16: =AVERAGE(Q14:Q16) -> 86.366667 | S16: =2*Q16-R16 -> 89.566667 | T16: =(2/($Q$1-1))*(Q16-R16) -> 1.6 | U16: =S15+T15 -> 88.311111 | V16: =P16-U16 -> 3.0888889 | W16: =ABS(V16) -> 3.0888889 | X16: =V16^2 -> 9.5412346 | Y16: =W16/P16 -> 0.033795283
A17: 14 | B17: 5 | C17: =AVERAGE(B15:B17) -> 13.333333 | D17: =AVERAGE(C15:C17) -> 13.333333 | E17: =2*C17-D17 -> 13.333333 | F17: =(2/($C$1-1))*(C17-D17) -> 0 | G17: =E16+F16 -> 14.444444 | H17: =B17-G17 -> -9.4444444 | I17: =ABS(H17) -> 9.4444444 | J17: =H17^2 -> 89.197531 | K17: =IF(B17=0,"",I17/B17) -> 1.8888889 | O17: 14 | P17: 88.5 | Q17: =AVERAGE(P15:P17) -> 90.166667 | R17: =AVERAGE(Q15:Q17) -> 88.133333 | S17: =2*Q17-R17 -> 92.2 | T17: =(2/($Q$1-1))*(Q17-R17) -> 2.0333333 | U17: =S16+T16 -> 91.166667 | V17: =P17-U17 -> -2.6666667 | W17: =ABS(V17) -> 2.6666667 | X17: =V17^2 -> 7.1111111 | Y17: =W17/P17 -> 0.030131827
A18: 15 | B18: 10 | C18: =AVERAGE(B16:B18) -> 10 | D18: =AVERAGE(C16:C18) -> 12.222222 | E18: =2*C18-D18 -> 7.7777778 | F18: =(2/($C$1-1))*(C18-D18) -> -2.2222222 | G18: =E17+F17 -> 13.333333 | H18: =B18-G18 -> -3.3333333 | I18: =ABS(H18) -> 3.3333333 | J18: =H18^2 -> 11.111111 | K18: =IF(B18=0,"",I18/B18) -> 0.33333333 | O18: 15 | P18: 93.5 | Q18: =AVERAGE(P16:P18) -> 91.133333 | R18: =AVERAGE(Q16:Q18) -> 89.755556 | S18: =2*Q18-R18 -> 92.511111 | T18: =(2/($Q$1-1))*(Q18-R18) -> 1.3777778 | U18: =S17+T17 -> 94.233333 | V18: =P18-U18 -> -0.73333333 | W18: =ABS(V18) -> 0.73333333 | X18: =V18^2 -> 0.53777778 | Y18: =W18/P18 -> 0.0078431373
A19: 16 | B19: 25 | C19: =AVERAGE(B17:B19) -> 13.333333 | D19: =AVERAGE(C17:C19) -> 12.222222 | E19: =2*C19-D19 -> 14.444444 | F19: =(2/($C$1-1))*(C19-D19) -> 1.1111111 | G19: =E18+F18 -> 5.5555556 | H19: =B19-G19 -> 19.444444 | I19: =ABS(H19) -> 19.444444 | J19: =H19^2 -> 378.08642 | K19: =IF(B19=0,"",I19/B19) -> 0.77777778 | O19: 16 | P19: 105 | Q19: =AVERAGE(P17:P19) -> 95.666667 | R19: =AVERAGE(Q17:Q19) -> 92.322222 | S19: =2*Q19-R19 -> 99.011111 | T19: =(2/($Q$1-1))*(Q19-R19) -> 3.3444444 | U19: =S18+T18 -> 93.888889 | V19: =P19-U19 -> 11.111111 | W19: =ABS(V19) -> 11.111111 | X19: =V19^2 -> 123.45679 | Y19: =W19/P19 -> 0.10582011
A20: 17 | B20: 15 | C20: =AVERAGE(B18:B20) -> 16.666667 | D20: =AVERAGE(C18:C20) -> 13.333333 | E20: =2*C20-D20 -> 20 | F20: =(2/($C$1-1))*(C20-D20) -> 3.3333333 | G20: =E19+F19 -> 15.555556 | H20: =B20-G20 -> -0.55555556 | I20: =ABS(H20) -> 0.55555556 | J20: =H20^2 -> 0.30864198 | K20: =IF(B20=0,"",I20/B20) -> 0.037037037 | O20: 17 | P20: 103.5 | Q20: =AVERAGE(P18:P20) -> 100.66667 | R20: =AVERAGE(Q18:Q20) -> 95.822222 | S20: =2*Q20-R20 -> 105.51111 | T20: =(2/($Q$1-1))*(Q20-R20) -> 4.8444444 | U20: =S19+T19 -> 102.35556 | V20: =P20-U20 -> 1.1444444 | W20: =ABS(V20) -> 1.1444444 | X20: =V20^2 -> 1.3097531 | Y20: =W20/P20 -> 0.011057434
... A27: 24 | B27: 5 | C27: =AVERAGE(B25:B27) -> 6.6666667 | D27: =AVERAGE(C25:C27) -> 13.333333 | E27: =2*C27-D27 -> 0 | F27: =(2/($C$1-1))*(C27-D27) -> -6.6666667 | G27: =E26+F26 -> 4.4444444 | H27: =B27-G27 -> 0.55555556 | I27: =ABS(H27) -> 0.55555556 | J27: =H27^2 -> 0.30864198 | K27: =IF(B27=0,"",I27/B27) -> 0.11111111 | O27: 24 | P27: 110.9 | Q27: =AVERAGE(P25:P27) -> 109.5 | R27: =AVERAGE(Q25:Q27) -> 110.94444 | S27: =2*Q27-R27 -> 108.05556 | T27: =(2/($Q$1-1))*(Q27-R27) -> -1.4444444 | U27: =S26+T26 -> 109.47778 | V27: =P27-U27 -> 1.4222222 | W27: =ABS(V27) -> 1.4222222 | X27: =V27^2 -> 2.022716 | Y27: =W27/P27 -> 0.012824366
G28: =E27+F27 -> -6.6666667 | U28: =S27+T27 -> 106.61111
O30: MAD | P30: =AVERAGE(W9:W27) -> 5.0947368
A31: MAD | B31: =AVERAGE(I9:I27) -> 9.6783626 | O31: MSE | P31: =AVERAGE(X9:X27) -> 38.349162
A32: MSE | B32: =AVERAGE(J9:J27) -> 142.51137 | O32: RMSE | P32: =SQRT(P31) -> 6.19267
A33: RMSE | B33: =SQRT(B32) -> 11.937813 | O33: MAPE | P33: =AVERAGE(Y9:Y27) -> 0.05290854
A34: MAPE | B34: =AVERAGE(K9:K27) -> 0.95493827

Sheet SES
A1: alpha advert = | C1: 0.2 | J1: alpha sales = | L1: 0.2
A3: smoothing variabel advert (SES) | J3: smoothing variabel sales
A4: t | B4: Yt | C4: Ft | D4: et | E4: |et| | F4: et^2 | G4: |et|/Yt | J4: t | K4: Yt | L4: Ft | M4: et | N4: |et| | O4: et^2 | P4: |et|/Yt
A5: 1 | B5: 25 | C5: =B5 -> 25 | D5: =B5-C5 -> 0 | E5: =ABS(D5) -> 0 | F5: =D5^2 -> 0 | G5: =IF(B5=0,"",E5/B5) -> 0 | J5: 1 | K5: 92.8 | L5: =K5 -> 92.8 | M5: =K5-L5 -> 0 | N5: =ABS(M5) -> 0 | O5: =M5^2 -> 0 | P5: =N5/K5 -> 0
A6: 2 | B6: 0 | C6: =$C$1*B5+(1-$C$1)*C5 -> 25 | D6: =B6-C6 -> -25 | E6: =ABS(D6) -> 25 | F6: =D6^2 -> 625 | G6: =IF(B6=0,"",E6/B6) | J6: 2 | K6: 79.2 | L6: =$C$1*K5+(1-$C$1)*L5 -> 92.8 | M6: =K6-L6 -> -13.6 | N6: =ABS(M6) -> 13.6 | O6: =M6^2 -> 184.96 | P6: =N6/K6 -> 0.17171717
A7: 3 | B7: 15 | C7: =$C$1*B6+(1-$C$1)*C6 -> 20 | D7: =B7-C7 -> -5 | E7: =ABS(D7) -> 5 | F7: =D7^2 -> 25 | G7: =IF(B7=0,"",E7/B7) -> 0.33333333 | J7: 3 | K7: 84.5 | L7: =$C$1*K6+(1-$C$1)*L6 -> 90.08 | M7: =K7-L7 -> -5.58 | N7: =ABS(M7) -> 5.58 | O7: =M7^2 -> 31.1364 | P7: =N7/K7 -> 0.066035503
A8: 4 | B8: 10 | C8: =$C$1*B7+(1-$C$1)*C7 -> 19 | D8: =B8-C8 -> -9 | E8: =ABS(D8) -> 9 | F8: =D8^2 -> 81 | G8: =IF(B8=0,"",E8/B8) -> 0.9 | J8: 4 | K8: 83 | L8: =$C$1*K7+(1-$C$1)*L7 -> 88.964 | M8: =K8-L8 -> -5.964 | N8: =ABS(M8) -> 5.964 | O8: =M8^2 -> 35.569296 | P8: =N8/K8 -> 0.071855422
A9: 5 | B9: 20 | C9: =$C$1*B8+(1-$C$1)*C8 -> 17.2 | D9: =B9-C9 -> 2.8 | E9: =ABS(D9) -> 2.8 | F9: =D9^2 -> 7.84 | G9: =IF(B9=0,"",E9/B9) -> 0.14 | J9: 5 | K9: 88.1 | L9: =$C$1*K8+(1-$C$1)*L8 -> 87.7712 | M9: =K9-L9 -> 0.3288 | N9: =ABS(M9) -> 0.3288 | O9: =M9^2 -> 0.10810944 | P9: =N9/K9 -> 0.0037321226
A10: 6 | B10: 10 | C10: =$C$1*B9+(1-$C$1)*C9 -> 17.76 | D10: =B10-C10 -> -7.76 | E10: =ABS(D10) -> 7.76 | F10: =D10^2 -> 60.2176 | G10: =IF(B10=0,"",E10/B10) -> 0.776 | J10: 6 | K10: 83.9 | L10: =$C$1*K9+(1-$C$1)*L9 -> 87.83696 | M10: =K10-L10 -> -3.93696 | N10: =ABS(M10) -> 3.93696 | O10: =M10^2 -> 15.499654 | P10: =N10/K10 -> 0.046924434
A11: 7 | B11: 5 | C11: =$C$1*B10+(1-$C$1)*C10 -> 16.208 | D11: =B11-C11 -> -11.208 | E11: =ABS(D11) -> 11.208 | F11: =D11^2 -> 125.61926 | G11: =IF(B11=0,"",E11/B11) -> 2.2416 | J11: 7 | K11: 79.9 | L11: =$C$1*K10+(1-$C$1)*L10 -> 87.049568 | M11: =K11-L11 -> -7.149568 | N11: =ABS(M11) -> 7.149568 | O11: =M11^2 -> 51.116323 | P11: =N11/K11 -> 0.089481452
A12: 8 | B12: 5 | C12: =$C$1*B11+(1-$C$1)*C11 -> 13.9664 | D12: =B12-C12 -> -8.9664 | E12: =ABS(D12) -> 8.9664 | F12: =D12^2 -> 80.396329 | G12: =IF(B12=0,"",E12/B12) -> 1.79328 | J12: 8 | K12: 81.1 | L12: =$C$1*K11+(1-$C$1)*L11 -> 85.619654 | M12: =K12-L12 -> -4.5196544 | N12: =ABS(M12) -> 4.5196544 | O12: =M12^2 -> 20.427276 | P12: =N12/K12 -> 0.055729401
A13: 9 | B13: 15 | C13: =$C$1*B12+(1-$C$1)*C12 -> 12.17312 | D13: =B13-C13 -> 2.82688 | E13: =ABS(D13) -> 2.82688 | F13: =D13^2 -> 7.9912505 | G13: =IF(B13=0,"",E13/B13) -> 0.18845867 | J13: 9 | K13: 86.4 | L13: =$C$1*K12+(1-$C$1)*L12 -> 84.715724 | M13: =K13-L13 -> 1.6842765 | N13: =ABS(M13) -> 1.6842765 | O13: =M13^2 -> 2.8367873 | P13: =N13/K13 -> 0.019493941
A14: 10 | B14: 15 | C14: =$C$1*B13+(1-$C$1)*C13 -> 12.738496 | D14: =B14-C14 -> 2.261504 | E14: =ABS(D14) -> 2.261504 | F14: =D14^2 -> 5.1144003 | G14: =IF(B14=0,"",E14/B14) -> 0.15076693 | J14: 10 | K14: 86.3 | L14: =$C$1*K13+(1-$C$1)*L13 -> 85.052579 | M14: =K14-L14 -> 1.2474212 | N14: =ABS(M14) -> 1.2474212 | O14: =M14^2 -> 1.5560596 | P14: =N14/K14 -> 0.014454475
A15: 11 | B15: 5 | C15: =$C$1*B14+(1-$C$1)*C14 -> 13.190797 | D15: =B15-C15 -> -8.1907968 | E15: =ABS(D15) -> 8.1907968 | F15: =D15^2 -> 67.089152 | G15: =IF(B15=0,"",E15/B15) -> 1.6381594 | J15: 11 | K15: 81.9 | L15: =$C$1*K14+(1-$C$1)*L14 -> 85.302063 | M15: =K15-L15 -> -3.4020631 | N15: =ABS(M15) -> 3.4020631 | O15: =M15^2 -> 11.574033 | P15: =N15/K15 -> 0.041539231
A16: 12 | B16: 20 | C16: =$C$1*B15+(1-$C$1)*C15 -> 11.552637 | D16: =B16-C16 -> 8.4473626 | E16: =ABS(D16) -> 8.4473626 | F16: =D16^2 -> 71.357934 | G16: =IF(B16=0,"",E16/B16) -> 0.42236813 | J16: 12 | K16: 90.6 | L16: =$C$1*K15+(1-$C$1)*L15 -> 84.62165 | M16: =K16-L16 -> 5.9783496 | N16: =ABS(M16) -> 5.9783496 | O16: =M16^2 -> 35.740663 | P16: =N16/K16 -> 0.065986198
A17: 13 | B17: 15 | C17: =$C$1*B16+(1-$C$1)*C16 -> 13.24211 | D17: =B17-C17 -> 1.75789 | E17: =ABS(D17) -> 1.75789 | F17: =D17^2 -> 3.0901774 | G17: =IF(B17=0,"",E17/B17) -> 0.11719267 | J17: 13 | K17: 91.4 | L17: =$C$1*K16+(1-$C$1)*L16 -> 85.81732 | M17: =K17-L17 -> 5.5826796 | N17: =ABS(M17) -> 5.5826796 | O17: =M17^2 -> 31.166312 | P17: =N17/K17 -> 0.061079646
... A28: 24 | B28: 5 | C28: =$C$1*B27+(1-$C$1)*C27 -> 12.968861 | D28: =B28-C28 -> -7.9688612 | E28: =ABS(D28) -> 7.9688612 | F28: =D28^2 -> 63.502748 | G28: =IF(B28=0,"",E28/B28) -> 1.5937722 | J28: 24 | K28: 110.9 | L28: =$C$1*K27+(1-$C$1)*L27 -> 105.05262 | M28: =K28-L28 -> 5.8473775 | N28: =ABS(M28) -> 5.8473775 | O28: =M28^2 -> 34.191823 | P28: =N28/K28 -> 0.052726578
J31: MAD | K31: =AVERAGE(N5:N28) -> 6.4756242
A32: MAD | B32: =AVERAGE(E5:E28) -> 7.2154429 | J32: MSE | K32: =AVERAGE(O5:O28) -> 64.290473
A33: MSE | B33: =AVERAGE(F5:F28) -> 83.506036 | J33: RMSE | K33: =SQRT(K32) -> 8.018134
A34: RMSE | B34: =SQRT(B33) -> 9.1381637 | J34: MAPE | K34: =AVERAGE(P5:P28) -> 0.067170465
A35: MAPE | B35: =AVERAGE(G5:G28) -> 0.71407616

Sheet DES
A3: alpha advert | C3: 0.2 | K3: alpha advert | M3: 0.2
A4: beta advert | C4: 0.2 | K4: beta advert | M4: 0.2
A6: smoothing advert | K6: smoothing sales
A7: t | B7: Yt | C7: Lt | D7: Tt | E7: Ft | F7: et | G7: |et| | H7: et^2 | I7: |et|/Yt | K7: t | L7: Yt | M7: Lt | N7: Tt | O7: Ft | P7: et | Q7: |et| | R7: et^2 | S7: |et|/Yt
A8: 1 | B8: 25 | C8: =B8 -> 25 | D8: -25 | E8: - | F8: - | G8: - | H8: - | I8: - | K8: 1 | L8: 92.8 | M8: =L8 -> 92.8 | N8: -25 | O8: - | P8: - | Q8: - | R8: - | S8: -
A9: 2 | B9: 0 | C9: =$C$3*B9+(1-$C$3)*(C8+D8) -> 0 | D9: =$C$4*(C9-C8)+(1-$C$4)*D8 -> -25 | E9: =C9+D9 -> -25 | F9: =B9-E9 -> 25 | G9: =ABS(F9) -> 25 | H9: =F9^2 -> 625 | I9: =IF(B9=0,"",G9/B9) | K9: 2 | L9: 79.2 | M9: =$C$3*L9+(1-$C$3)*(M8+N8) -> 70.08 | N9: =$C$4*(M9-M8)+(1-$C$4)*N8 -> -24.544 | O9: =M9+N9 -> 45.536 | P9: =L9-O9 -> 33.664 | Q9: =ABS(P9) -> 33.664 | R9: =P9^2 -> 1133.2649 | S9: =Q9/L9 -> 0.42505051
A10: 3 | B10: 15 | C10: =$C$3*B10+(1-$C$3)*(C9+D9) -> -17 | D10: =$C$4*(C10-C9)+(1-$C$4)*D9 -> -23.4 | E10: =C10+D10 -> -40.4 | F10: =B10-E10 -> 55.4 | G10: =ABS(F10) -> 55.4 | H10: =F10^2 -> 3069.16 | I10: =IF(B10=0,"",G10/B10) -> 3.6933333 | K10: 3 | L10: 84.5 | M10: =$C$3*L10+(1-$C$3)*(M9+N9) -> 53.3288 | N10: =$C$4*(M10-M9)+(1-$C$4)*N9 -> -22.98544 | O10: =M10+N10 -> 30.34336 | P10: =L10-O10 -> 54.15664 | Q10: =ABS(P10) -> 54.15664 | R10: =P10^2 -> 2932.9417 | S10: =Q10/L10 -> 0.64090698
A11: 4 | B11: 10 | C11: =$C$3*B11+(1-$C$3)*(C10+D10) -> -30.32 | D11: =$C$4*(C11-C10)+(1-$C$4)*D10 -> -21.384 | E11: =C11+D11 -> -51.704 | F11: =B11-E11 -> 61.704 | G11: =ABS(F11) -> 61.704 | H11: =F11^2 -> 3807.3836 | I11: =IF(B11=0,"",G11/B11) -> 6.1704 | K11: 4 | L11: 83 | M11: =$C$3*L11+(1-$C$3)*(M10+N10) -> 40.874688 | N11: =$C$4*(M11-M10)+(1-$C$4)*N10 -> -20.879174 | O11: =M11+N11 -> 19.995514 | P11: =L11-O11 -> 63.004486 | Q11: =ABS(P11) -> 63.004486 | R11: =P11^2 -> 3969.5653 | S11: =Q11/L11 -> 0.7590902
A12: 5 | B12: 20 | C12: =$C$3*B12+(1-$C$3)*(C11+D11) -> -37.3632 | D12: =$C$4*(C12-C11)+(1-$C$4)*D11 -> -18.51584 | E12: =C12+D12 -> -55.87904 | F12: =B12-E12 -> 75.87904 | G12: =ABS(F12) -> 75.87904 | H12: =F12^2 -> 5757.6287 | I12: =IF(B12=0,"",G12/B12) -> 3.793952 | K12: 5 | L12: 88.1 | M12: =$C$3*L12+(1-$C$3)*(M11+N11) -> 33.616411 | N12: =$C$4*(M12-M11)+(1-$C$4)*N11 -> -18.154995 | O12: =M12+N12 -> 15.461416 | P12: =L12-O12 -> 72.638584 | Q12: =ABS(P12) -> 72.638584 | R12: =P12^2 -> 5276.3639 | S12: =Q12/L12 -> 0.82450152
A13: 6 | B13: 10 | C13: =$C$3*B13+(1-$C$3)*(C12+D12) -> -42.703232 | D13: =$C$4*(C13-C12)+(1-$C$4)*D12 -> -15.880678 | E13: =C13+D13 -> -58.58391 | F13: =B13-E13 -> 68.58391 | G13: =ABS(F13) -> 68.58391 | H13: =F13^2 -> 4703.7528 | I13: =IF(B13=0,"",G13/B13) -> 6.858391 | K13: 6 | L13: 83.9 | M13: =$C$3*L13+(1-$C$3)*(M12+N12) -> 29.149133 | N13: =$C$4*(M13-M12)+(1-$C$4)*N12 -> -15.417452 | O13: =M13+N13 -> 13.731681 | P13: =L13-O13 -> 70.168319 | Q13: =ABS(P13) -> 70.168319 | R13: =P13^2 -> 4923.593 | S13: =Q13/L13 -> 0.83633276
A14: 7 | B14: 5 | C14: =$C$3*B14+(1-$C$3)*(C13+D13) -> -45.867128 | D14: =$C$4*(C14-C13)+(1-$C$4)*D13 -> -13.337322 | E14: =C14+D14 -> -59.20445 | F14: =B14-E14 -> 64.20445 | G14: =ABS(F14) -> 64.20445 | H14: =F14^2 -> 4122.2114 | I14: =IF(B14=0,"",G14/B14) -> 12.84089 | K14: 7 | L14: 79.9 | M14: =$C$3*L14+(1-$C$3)*(M13+N13) -> 26.965345 | N14: =$C$4*(M14-M13)+(1-$C$4)*N13 -> -12.770719 | O14: =M14+N14 -> 14.194626 | P14: =L14-O14 -> 65.705374 | Q14: =ABS(P14) -> 65.705374 | R14: =P14^2 -> 4317.1962 | S14: =Q14/L14 -> 0.82234511
A15: 8 | B15: 5 | C15: =$C$3*B15+(1-$C$3)*(C14+D14) -> -46.36356 | D15: =$C$4*(C15-C14)+(1-$C$4)*D14 -> -10.769144 | E15: =C15+D15 -> -57.132704 | F15: =B15-E15 -> 62.132704 | G15: =ABS(F15) -> 62.132704 | H15: =F15^2 -> 3860.4729 | I15: =IF(B15=0,"",G15/B15) -> 12.426541 | K15: 8 | L15: 81.1 | M15: =$C$3*L15+(1-$C$3)*(M14+N14) -> 27.575701 | N15: =$C$4*(M15-M14)+(1-$C$4)*N14 -> -10.094504 | O15: =M15+N15 -> 17.481197 | P15: =L15-O15 -> 63.618803 | Q15: =ABS(P15) -> 63.618803 | R15: =P15^2 -> 4047.3521 | S15: =Q15/L15 -> 0.78444887
A16: 9 | B16: 15 | C16: =$C$3*B16+(1-$C$3)*(C15+D15) -> -42.706163 | D16: =$C$4*(C16-C15)+(1-$C$4)*D15 -> -7.8838358 | E16: =C16+D16 -> -50.589999 | F16: =B16-E16 -> 65.589999 | G16: =ABS(F16) -> 65.589999 | H16: =F16^2 -> 4302.048 | I16: =IF(B16=0,"",G16/B16) -> 4.3726666 | K16: 9 | L16: 86.4 | M16: =$C$3*L16+(1-$C$3)*(M15+N15) -> 31.264958 | N16: =$C$4*(M16-M15)+(1-$C$4)*N15 -> -7.3377518 | O16: =M16+N16 -> 23.927206 | P16: =L16-O16 -> 62.472794 | Q16: =ABS(P16) -> 62.472794 | R16: =P16^2 -> 3902.85 | S16: =Q16/L16 -> 0.72306475
A17: 10 | B17: 15 | C17: =$C$3*B17+(1-$C$3)*(C16+D16) -> -37.471999 | D17: =$C$4*(C17-C16)+(1-$C$4)*D16 -> -5.2602358 | E17: =C17+D17 -> -42.732235 | F17: =B17-E17 -> 57.732235 | G17: =ABS(F17) -> 57.732235 | H17: =F17^2 -> 3333.011 | I17: =IF(B17=0,"",G17/B17) -> 3.8488157 | K17: 10 | L17: 86.3 | M17: =$C$3*L17+(1-$C$3)*(M16+N16) -> 36.401765 | N17: =$C$4*(M17-M16)+(1-$C$4)*N16 -> -4.84284 | O17: =M17+N17 -> 31.558925 | P17: =L17-O17 -> 54.741075 | Q17: =ABS(P17) -> 54.741075 | R17: =P17^2 -> 2996.5853 | S17: =Q17/L17 -> 0.63431142
A18: 11 | B18: 5 | C18: =$C$3*B18+(1-$C$3)*(C17+D17) -> -33.185788 | D18: =$C$4*(C18-C17)+(1-$C$4)*D17 -> -3.3509464 | E18: =C18+D18 -> -36.536735 | F18: =B18-E18 -> 41.536735 | G18: =ABS(F18) -> 41.536735 | H18: =F18^2 -> 1725.3003 | I18: =IF(B18=0,"",G18/B18) -> 8.3073469 | K18: 11 | L18: 81.9 | M18: =$C$3*L18+(1-$C$3)*(M17+N17) -> 41.62714 | N18: =$C$4*(M18-M17)+(1-$C$4)*N17 -> -2.829197 | O18: =M18+N18 -> 38.797943 | P18: =L18-O18 -> 43.102057 | Q18: =ABS(P18) -> 43.102057 | R18: =P18^2 -> 1857.7873 | S18: =Q18/L18 -> 0.52627664
A19: 12 | B19: 20 | C19: =$C$3*B19+(1-$C$3)*(C18+D18) -> -25.229388 | D19: =$C$4*(C19-C18)+(1-$C$4)*D18 -> -1.089477 | E19: =C19+D19 -> -26.318865 | F19: =B19-E19 -> 46.318865 | G19: =ABS(F19) -> 46.318865 | H19: =F19^2 -> 2145.4372 | I19: =IF(B19=0,"",G19/B19) -> 2.3159432 | K19: 12 | L19: 90.6 | M19: =$C$3*L19+(1-$C$3)*(M18+N18) -> 49.158354 | N19: =$C$4*(M19-M18)+(1-$C$4)*N18 -> -0.75711469 | O19: =M19+N19 -> 48.40124 | P19: =L19-O19 -> 42.19876 | Q19: =ABS(P19) -> 42.19876 | R19: =P19^2 -> 1780.7354 | S19: =Q19/L19 -> 0.46576998
A20: 13 | B20: 15 | C20: =$C$3*B20+(1-$C$3)*(C19+D19) -> -18.055092 | D20: =$C$4*(C20-C19)+(1-$C$4)*D19 -> 0.56327754 | E20: =C20+D20 -> -17.491814 | F20: =B20-E20 -> 32.491814 | G20: =ABS(F20) -> 32.491814 | H20: =F20^2 -> 1055.718 | I20: =IF(B20=0,"",G20/B20) -> 2.1661209 | K20: 13 | L20: 91.4 | M20: =$C$3*L20+(1-$C$3)*(M19+N19) -> 57.000992 | N20: =$C$4*(M20-M19)+(1-$C$4)*N19 -> 0.96283573 | O20: =M20+N20 -> 57.963827 | P20: =L20-O20 -> 33.436173 | Q20: =ABS(P20) -> 33.436173 | R20: =P20^2 -> 1117.9776 | S20: =Q20/L20 -> 0.36582246
... A31: 24 | B31: 5 | C31: =$C$3*B31+(1-$C$3)*(C30+D30) -> 20.695316 | D31: =$C$4*(C31-C30)+(1-$C$4)*D30 -> 1.668436 | E31: =C31+D31 -> 22.363752 | F31: =B31-E31 -> -17.363752 | G31: =ABS(F31) -> 17.363752 | H31: =F31^2 -> 301.49989 | I31: =IF(B31=0,"",G31/B31) -> 3.4727505 | K31: 24 | L31: 110.9 | M31: =$C$3*L31+(1-$C$3)*(M30+N30) -> 122.2015 | N31: =$C$4*(M31-M30)+(1-$C$4)*N30 -> 4.1955078 | O31: =M31+N31 -> 126.39701 | P31: =L31-O31 -> -15.497012 | Q31: =ABS(P31) -> 15.497012 | R31: =P31^2 -> 240.15738 | S31: =Q31/L31 -> 0.13973861
A34: MAD | B34: =AVERAGE(G9:G31) -> 33.966499 | K34: MAD | L34: =AVERAGE(Q9:Q31) -> 34.157192
A35: MSE | B35: =AVERAGE(H9:H31) -> 1764.5588 | K35: MSE | L35: =AVERAGE(R9:R31) -> 1754.955
A36: RMSE | B36: =SQRT(B35) -> 42.006652 | K36: RMSE | L36: =SQRT(L35) -> 41.892182
A37: MAPE | B37: =AVERAGE(I9:I31) -> 3.7600808 | K37: MAPE | L37: =AVERAGE(S9:S31) -> 0.3937302

Sheet eval
A2: A. Evaluasi Data Advert
A3: Metode | B3: MAD | C3: MSE | D3: RMSE | E3: MAPE
A4: SMA | B4: =SMA!F31 -> 7.6190476 | C4: =SMA!F32 -> 79.100529 | D4: =SMA!F33 -> 8.8938478 | E4: =SMA!F34 -> 0.76027778
A5: DMA | B5: =DMA!B31 -> 9.6783626 | C5: =DMA!B32 -> 142.51137 | D5: =DMA!B33 -> 11.937813 | E5: =DMA!B34 -> 0.95493827
A6: SES | B6: =SES!B32 -> 7.2154429 | C6: =SES!B33 -> 83.506036 | D6: =SES!B34 -> 9.1381637 | E6: =SES!B35 -> 0.71407616
A7: DES | B7: =DES!B34 -> 33.966499 | C7: =DES!B35 -> 1764.5588 | D7: =DES!B36 -> 42.006652 | E7: =DES!B37 -> 3.7600808
A8: Nilai minimum | B8: =MIN(B4:B7) -> 7.2154429 | C8: =MIN(C4:C7) -> 79.100529 | D8: =MIN(D4:D7) -> 8.8938478 | E8: =MIN(E4:E7) -> 0.71407616
A9: Metode terbaik per metrik | B9: =INDEX($A$4:$A$7,MATCH(B8,B$4:B$7,0)) -> SES | C9: =INDEX($A$4:$A$7,MATCH(C8,C$4:C$7,0)) -> SMA | D9: =INDEX($A$4:$A$7,MATCH(D8,D$4:D$7,0)) -> SMA | E9: =INDEX($A$4:$A$7,MATCH(E8,E$4:E$7,0)) -> SES
A13: B. Evaluasi Data Sales
A14: Metode | B14: MAD | C14: MSE | D14: RMSE | E14: MAPE
A15: SMA | B15: =SMA!N31 -> 4.5507937 | C15: =SMA!N32 -> 31.03455 | D15: =SMA!N33 -> 5.5708662 | E15: =SMA!N34 -> 0.047053904
A16: DMA | B16: =DMA!P30 -> 5.0947368 | C16: =DMA!P31 -> 38.349162 | D16: =DMA!P32 -> 6.19267 | E16: =DMA!P33 -> 0.05290854
A17: SES | B17: =SES!K31 -> 6.4756242 | C17: =SES!K32 -> 64.290473 | D17: =SES!K33 -> 8.018134 | E17: =SES!K34 -> 0.067170465
A18: DES | B18: =DES!L34 -> 34.157192 | C18: =DES!L35 -> 1754.955 | D18: =DES!L36 -> 41.892182 | E18: =DES!L37 -> 0.3937302
A19: Nilai minimum | B19: =MIN(B15:B18) -> 4.5507937 | C19: =MIN(C15:C18) -> 31.03455 | D19: =MIN(D15:D18) -> 5.5708662 | E19: =MIN(E15:E18) -> 0.047053904
A20: Metode terbaik per metrik | B20: =INDEX($A$15:$A$18,MATCH(B19,B$15:B$18,0)) -> SMA | C20: =INDEX($A$15:$A$18,MATCH(C19,C$15:C$18,0)) -> SMA | D20: =INDEX($A$15:$A$18,MATCH(D19,D$15:D$18,0)) -> SMA | E20: =INDEX($A$15:$A$18,MATCH(E19,E$15:E$18,0)) -> SMA
